<?xml version="1.0"?>
<!DOCTYPE hibernate-mapping PUBLIC "-//Hibernate/Hibernate Mapping DTD 3.0//EN"
"http://www.hibernate.org/dtd/hibernate-mapping-3.0.dtd">
<!-- Generated 12/03/2018 11:16:21 PM by Hibernate Tools 4.3.1 -->
<hibernate-mapping>
    <class name="modelo.Actividades" table="actividades" schema="public" optimistic-lock="version">
        <id name="idActividad" type="int">
            <column name="id_actividad" />
            <generator class="assigned" />
        </id>
        <property name="actividad" type="string">
            <column name="actividad" length="100" not-null="true" />
        </property>
        <property name="idVacante" type="java.lang.Integer">
            <column name="id_vacante" />
        </property>
    </class>
</hibernate-mapping>
