<?xml version="1.0"?>
<!DOCTYPE hibernate-mapping PUBLIC "-//Hibernate/Hibernate Mapping DTD 3.0//EN"
"http://www.hibernate.org/dtd/hibernate-mapping-3.0.dtd">
<!-- Generated 12/03/2018 11:16:21 PM by Hibernate Tools 4.3.1 -->
<hibernate-mapping>
    <class name="modelo.Empresa" table="empresa" schema="public" optimistic-lock="version">
        <id name="nombreEmpresa" type="string">
            <column name="nombre_empresa" length="30" />
            <generator class="assigned" />
        </id>
        <property name="oficinas" type="string">
            <column name="oficinas" length="100" not-null="true" />
        </property>
        <property name="fundacion" type="date">
            <column name="fundacion" length="13" />
        </property>
        <property name="numEmpleados" type="java.lang.Integer">
            <column name="num_empleados" />
        </property>
        <property name="contacto" type="string">
            <column name="contacto" length="100" not-null="true" />
        </property>
        <property name="presidente" type="string">
            <column name="presidente" length="50" not-null="true" />
        </property>
        <set name="vacantes" table="vacante" inverse="true" lazy="true" fetch="select">
            <key>
                <column name="nombre_empresa" length="30" />
            </key>
            <one-to-many class="modelo.Vacante" />
        </set>
    </class>
</hibernate-mapping>
