<?xml version="1.0"?>
<!DOCTYPE hibernate-mapping PUBLIC "-//Hibernate/Hibernate Mapping DTD 3.0//EN"
"http://www.hibernate.org/dtd/hibernate-mapping-3.0.dtd">
<!-- Generated 12/03/2018 11:16:21 PM by Hibernate Tools 4.3.1 -->
<hibernate-mapping>
    <class name="modelo.Postular" table="postular" schema="public" optimistic-lock="version">
        <id name="idPostulacion" type="int">
            <column name="id_postulacion" />
            <generator class="assigned" />
        </id>
        <many-to-one name="profesionista" class="modelo.Profesionista" fetch="select">
            <column name="correo" length="30" not-null="true" />
        </many-to-one>
        <many-to-one name="vacante" class="modelo.Vacante" fetch="select">
            <column name="id_vacante" not-null="true" />
        </many-to-one>
    </class>
</hibernate-mapping>
