<?xml version="1.0"?>
<!DOCTYPE hibernate-mapping PUBLIC "-//Hibernate/Hibernate Mapping DTD 3.0//EN"
"http://www.hibernate.org/dtd/hibernate-mapping-3.0.dtd">
<!-- Generated 12/03/2018 11:16:21 PM by Hibernate Tools 4.3.1 -->
<hibernate-mapping>
    <class name="modelo.Profesionista" table="profesionista" schema="public" optimistic-lock="version">
        <id name="correo" type="string">
            <column name="correo" length="30" />
            <generator class="assigned" />
        </id>
        <property name="nacionalidad" type="string">
            <column name="nacionalidad" length="20" not-null="true" />
        </property>
        <property name="carrera" type="string">
            <column name="carrera" length="20" />
        </property>
        <property name="contrasenia" type="string">
            <column name="contrasenia" length="20" not-null="true" />
        </property>
        <property name="telefono" type="long">
            <column name="telefono" precision="10" scale="0" not-null="true" />
        </property>
        <property name="nombre" type="string">
            <column name="nombre" length="50" not-null="true" />
        </property>
        <set name="postulars" table="postular" inverse="true" lazy="true" fetch="select">
            <key>
                <column name="correo" length="30" not-null="true" />
            </key>
            <one-to-many class="modelo.Postular" />
        </set>
        <set name="experienciaLaborals" table="experiencia_laboral" inverse="true" lazy="true" fetch="select">
            <key>
                <column name="correo" length="30" />
            </key>
            <one-to-many class="modelo.ExperienciaLaboral" />
        </set>
        <set name="skillses" table="skills" inverse="true" lazy="true" fetch="select">
            <key>
                <column name="correo" length="30" not-null="true" />
            </key>
            <one-to-many class="modelo.Skills" />
        </set>
        <set name="formacionAcademicas" table="formacion_academica" inverse="true" lazy="true" fetch="select">
            <key>
                <column name="correo" length="30" />
            </key>
            <one-to-many class="modelo.FormacionAcademica" />
        </set>
    </class>
</hibernate-mapping>
