<?xml version="1.0"?>
<!DOCTYPE hibernate-mapping PUBLIC "-//Hibernate/Hibernate Mapping DTD 3.0//EN"
"http://www.hibernate.org/dtd/hibernate-mapping-3.0.dtd">
<!-- Generated 12/03/2018 11:16:21 PM by Hibernate Tools 4.3.1 -->
<hibernate-mapping>
    <class name="modelo.Vacante" table="vacante" schema="public" optimistic-lock="version">
        <id name="idVacante" type="int">
            <column name="id_vacante" />
            <generator class="assigned" />
        </id>
        <many-to-one name="empresa" class="modelo.Empresa" fetch="select">
            <column name="nombre_empresa" length="30" />
        </many-to-one>
        <property name="horario" type="string">
            <column name="horario" length="15" />
        </property>
        <property name="lugar" type="string">
            <column name="lugar" length="20" not-null="true" />
        </property>
        <property name="descripcion" type="string">
            <column name="descripcion" length="60" />
        </property>
        <set name="postulars" table="postular" inverse="true" lazy="true" fetch="select">
            <key>
                <column name="id_vacante" not-null="true" />
            </key>
            <one-to-many class="modelo.Postular" />
        </set>
    </class>
</hibernate-mapping>
